Extraction Sites and Landmark Organs Mapping to 3D Reference Object Library Mapping,,,,,,
,,,,,,
Author Name(s):,"Ellen M. Quardokus;  Heidi Schlehlein; Bruce Herr, II; Katy Borner",,,,,
Author ORCID(s):,"0000-0001-7655-4833; 0000-0002-3333-5646;  0000-0002-8977-498X, 0000-0002-6703-7647, 0000-0002-3321-6137",,,,,
Reviewer(s):,,,,,,
Reviewer ORCID(s):,,,,,,
General Publication(s):,"Borner, Katy, Sarah A. Teichmann, Ellen M. Quardokus, James C. Gee, Kristen Browne, David Osumi-Sutherland, Bruce W. Herr, et al. 2021. ""Anatomical Structures, Cell Types and Biomarkers of the Human Reference Atlas."" Nature Cell Biology 23 (11): 1117-28. https://doi.org/10.1038/s41556-021-00788-6.",,,,,
Data DOI:,,,,,,
Date:,12/15/22,,,,,
Version Number:,v1.3,,,,,
extraction_set_for,extraction_set_id,extraction_set_label,source_spatial_entity,node_name,label,tooltip
-,-,-,#VHFemaleOrgans,VH_F_Landmarks,-,
-,-,Landmarks,#VHFemaleOrgans,VH_F_mammary_gland_landmarks,Mammary Gland Landmarks,
-,-,Landmarks,#VHFemaleOrgans,VH_F_mammary_gland_L_landmarks,Left Mammary Gland Landmarks,
#VHFLeftMammaryGland,#VHFMammaryGlandLeftLandmarks,Landmarks,#VHFemaleOrgans,VH_F_mammary_gland_L_landmark_sternum,sternum,
#VHFLeftMammaryGland,#VHFMammaryGlandLeftLandmarks,Landmarks,#VHFemaleOrgans,VH_F_mammary_gland_L_landmark_manubrium,manubrium,
#VHFLeftMammaryGland,#VHFMammaryGlandLeftLandmarks,Landmarks,#VHFemaleOrgans,VH_F_mammary_gland_L_landmark_xiphoid_process,xiphoid process,
#VHFLeftMammaryGland,#VHFMammaryGlandLeftLandmarks,Landmarks,#VHFemaleOrgans,VH_F_mammary_gland_L_landmark_axillary_tail_of_breast,axillary tail of breast,
#VHFLeftMammaryGland,#VHFMammaryGlandLeftLandmarks,Landmarks,#VHFemaleOrgans,VH_F_mammary_gland_L_landmark_lower_outer_quadrant_of_breast,lower outer quadrant of breast,
#VHFLeftMammaryGland,#VHFMammaryGlandLeftLandmarks,Landmarks,#VHFemaleOrgans,VH_F_mammary_gland_L_landmark_lower_inner_quadrant_of_breast,lower inner quadrant of breast,
#VHFLeftMammaryGland,#VHFMammaryGlandLeftLandmarks,Landmarks,#VHFemaleOrgans,VH_F_mammary_gland_L_landmark_upper_outer_quadrant_of_breast,upper outer quadrant of breast,
#VHFLeftMammaryGland,#VHFMammaryGlandLeftLandmarks,Landmarks,#VHFemaleOrgans,VH_F_mammary_gland_L_landmark_upper_inner_quadrant_of_breast,upper inner quadrant of breast,
#VHFLeftMammaryGland,#VHFMammaryGlandLeftLandmarks,Landmarks,#VHFemaleOrgans,VH_F_mammary_gland_L_landmark_ribs,ribs,
#VHFLeftMammaryGland,#VHFMammaryGlandLeftLandmarks,Landmarks,#VHFemaleOrgans,VH_F_mammary_gland_L_landmark_pectoralis_minor,pectoralis minor,
#VHFLeftMammaryGland,#VHFMammaryGlandLeftLandmarks,Landmarks,#VHFemaleOrgans,VH_F_mammary_gland_L_landmark_pectoralis_major,pectoralis major,
#VHFLeftMammaryGland,#VHFMammaryGlandLeftLandmarks,Landmarks,#VHFemaleOrgans,VH_F_mammary_gland_L_landmark_clavicle,clavicle,
#VHFLeftMammaryGland,#VHFMammaryGlandLeftLandmarks,Landmarks,#VHFemaleOrgans,VH_F_mammary_gland_L_landmark_humerus,humerus,
#VHFLeftMammaryGland,#VHFMammaryGlandLeftLandmarks,Landmarks,#VHFemaleOrgans,VH_F_mammary_gland_L_landmark_scapula,scapula,
#VHFLeftMammaryGland,#VHFMammaryGlandLeftLandmarks,Landmarks,#VHFemaleOrgans,VH_F_mammary_gland_L_landmark_costal_cartilage,costal cartilage,
-,-,Landmarks,#VHFemaleOrgans,VH_F_mammary_gland_R_landmarks,Right Mammary Gland Landmarks,
#VHFRightMammaryGland,#VHFMammaryGlandRightLandmarks,Landmarks,#VHFemaleOrgans,VH_F_mammary_gland_R_landmark_manubrium,manubrium,
#VHFRightMammaryGland,#VHFMammaryGlandRightLandmarks,Landmarks,#VHFemaleOrgans,VH_F_mammary_gland_R_landmark_xiphoid_process,xiphoid process,
#VHFRightMammaryGland,#VHFMammaryGlandRightLandmarks,Landmarks,#VHFemaleOrgans,VH_F_mammary_gland_R_landmark_sternum,sternum,
#VHFRightMammaryGland,#VHFMammaryGlandRightLandmarks,Landmarks,#VHFemaleOrgans,VH_F_mammary_gland_R_landmark_upper_inner_quadrant_of_breast,upper inner quadrant of breast,
#VHFRightMammaryGland,#VHFMammaryGlandRightLandmarks,Landmarks,#VHFemaleOrgans,VH_F_mammary_gland_R_landmark_lower_inner_quadrant_of_breast,lower inner quadrant of breast,
#VHFRightMammaryGland,#VHFMammaryGlandRightLandmarks,Landmarks,#VHFemaleOrgans,VH_F_mammary_gland_R_landmark_upper_outer_quadrant_of_breast,upper outer quadrant of breast,
#VHFRightMammaryGland,#VHFMammaryGlandRightLandmarks,Landmarks,#VHFemaleOrgans,VH_F_mammary_gland_R_landmark_lower_outer_quadrant_of_breast,lower outer quadrant of breast,
#VHFRightMammaryGland,#VHFMammaryGlandRightLandmarks,Landmarks,#VHFemaleOrgans,VH_F_mammary_gland_R_landmark_axillary_tail_of_breast,axillary tail of breast,
#VHFRightMammaryGland,#VHFMammaryGlandRightLandmarks,Landmarks,#VHFemaleOrgans,VH_F_mammary_gland_R_landmark_costal_cartilage,costal cartilage,
#VHFRightMammaryGland,#VHFMammaryGlandRightLandmarks,Landmarks,#VHFemaleOrgans,VH_F_mammary_gland_R_landmark_ribs,ribs,
#VHFRightMammaryGland,#VHFMammaryGlandRightLandmarks,Landmarks,#VHFemaleOrgans,VH_F_mammary_gland_R_landmark_pectoralis_minor,pectoralis minor,
#VHFRightMammaryGland,#VHFMammaryGlandRightLandmarks,Landmarks,#VHFemaleOrgans,VH_F_mammary_gland_R_landmark_pectoralis_major,pectoralis major,
#VHFRightMammaryGland,#VHFMammaryGlandRightLandmarks,Landmarks,#VHFemaleOrgans,VH_F_mammary_gland_R_landmark_clavicle,clavicle,
#VHFRightMammaryGland,#VHFMammaryGlandRightLandmarks,Landmarks,#VHFemaleOrgans,VH_F_mammary_gland_R_landmark_humerus,humerus,
#VHFRightMammaryGland,#VHFMammaryGlandRightLandmarks,Landmarks,#VHFemaleOrgans,VH_F_mammary_gland_R_landmark_scapula,scapula,
-,-,-,#VHFemaleOrgans,VH_F_eye_landmarks,Eye Landmarks,
-,-,-,#VHFemaleOrgans,VH_F_eye_R_landmarks,Right Eye Landmarks,
#VHFRightEye,#VHFEyeRightLandmarks,Landmarks,#VHFemaleOrgans,VH_F_eye_R_landmark_arteries,Right Eye Arteries,
#VHFRightEye,#VHFEyeRightLandmarks,Landmarks,#VHFemaleOrgans,VH_F_eye_R_landmark_veins,Right Eye Veins,
#VHFRightEye,#VHFEyeRightLandmarks,Landmarks,#VHFemaleOrgans,VH_F_eye_R_landmark_dura_mater_optic_nerve,Right Eye Dura Mater Optic Nerve,
#VHFRightEye,#VHFEyeRightLandmarks,Landmarks,#VHFemaleOrgans,VH_F_eye_R_landmark_muscles,Right Eye Muscles,
-,-,-,#VHFemaleOrgans,VH_F_eye_L_landmarks,Left Eye Landmarks,
#VHFLeftEye,#VHFEyeLeftLandmarks,Landmarks,#VHFemaleOrgans,VH_F_eye_L_landmark_muscles,Left Eye Muscles,
#VHFLeftEye,#VHFEyeLeftLandmarks,Landmarks,#VHFemaleOrgans,VH_F_eye_L_landmark_dura_mater_optic_nerve,Left Eye Dura Mater Optic Nerve,
#VHFLeftEye,#VHFEyeLeftLandmarks,Landmarks,#VHFemaleOrgans,VH_F_eye_L_landmark_arteries,Left Eye Arteries,
#VHFLeftEye,#VHFEyeLeftLandmarks,Landmarks,#VHFemaleOrgans,VH_F_eye_L_landmark_veins,Left Eye Veins,
-,-,-,#VHFemaleOrgans,VH_F_fallopian_tube_landmarks,Fallopian tube landmarks,
-,-,Landmarks,#VHFemaleOrgans,VH_F_fallopian_tube_R_landmarks,right fallopian tube landmarks,
#VHFRightFallopianTube,#VHFRightFallopianTubeLandmarks,Landmarks,#VHFemaleOrgans,VH_F_fallopian_tube_R_landmark_uterus,uterus,
#VHFRightFallopianTube,#VHFRightFallopianTubeLandmarks,Landmarks,#VHFemaleOrgans,VH_F_fallopian_tube_R_landmark_right_ovary,right ovary,
-,-,Landmarks,#VHFemaleOrgans,VH_F_fallopian_tube_L_landmarks,left fallopian tube landmarks,
#VHFLeftFallopianTube,#VHFLeftFallopianTubeLandmarks,Landmarks,#VHFemaleOrgans,VH_F_fallopian_tube_L_landmark_uterus,uterus,
#VHFLeftFallopianTube,#VHFLeftFallopianTubeLandmarks,Landmarks,#VHFemaleOrgans,VH_F_fallopian_tube_L_landmark_left_ovary,left ovary,
-,-,Landmarks,#VHFemaleOrgans,VH_F_heart_landmarks,heart landmarks,
#VHFHeartV1.1,#VHFHeartLandmarks,Landmarks,#VHFemaleOrgans,VH_F_heart_landmark_arteries,Heart arteries,
#VHFHeartV1.1,#VHFHeartLandmarks,Landmarks,#VHFemaleOrgans,VH_F_heart_landmark_veins,Heart veins,
#VHFRightKidneyV1.1,#VHFRightKidneyLandmarks,Landmarks,#VHFemaleOrgans,VH_F_kidney_bisection_line_R,Bisection Line,
-,-,Landmarks,#VHFemaleOrgans,VH_F_kidney_landmarks,Kidney landmarks,
-,-,Landmarks,#VHFemaleOrgans,VH_F_kidney_R_landmarks,right kidney landmarks,
#VHFRightKidneyV1.1,#VHFRightKidneyLandmarks,Landmarks,#VHFemaleOrgans,VH_F_kidney_R_landmark_right_ureter,right ureter,
#VHFRightKidneyV1.1,#VHFRightKidneyLandmarks,Landmarks,#VHFemaleOrgans,VH_F_kidney_R_landmark_renal_pelvis,right renal pelvis,
#VHFRightKidneyV1.1,#VHFRightKidneyLandmarks,Landmarks,#VHFemaleOrgans,VH_F_kidney_R_landmark_minor_calyxes,minor calyxes,
#VHFRightKidneyV1.1,#VHFRightKidneyLandmarks,Landmarks,#VHFemaleOrgans,VH_F_kidney_R_landmark_major_calyxes,major calyxes,
#VHFRightKidneyV1.1,#VHFRightKidneyLandmarks,Landmarks,#VHFemaleOrgans,VH_F_kidney_R_landmark_renal_artery,right renal artery,
#VHFRightKidneyV1.1,#VHFRightKidneyLandmarks,Landmarks,#VHFemaleOrgans,VH_F_kidney_R_landmark_renal_vein,right renal vein,
#VHFLeftKidneyV1.1,#VHFLeftKidneyLandmarks,Landmarks,#VHFemaleOrgans,VH_F_kidney_bisection_line_L,Bisection Line,
-,-,Landmarks,#VHFemaleOrgans,VH_F_kidney_L_landmarks,left kidney landmarks,
#VHFLeftKidneyV1.1,#VHFLeftKidneyLandmarks,Landmarks,#VHFemaleOrgans,VH_F_kidney_L_landmark_left_ureter,left ureter,
#VHFLeftKidneyV1.1,#VHFLeftKidneyLandmarks,Landmarks,#VHFemaleOrgans,VH_F_kidney_L_landmark_renal_pelvis,left renal pelvis,
#VHFLeftKidneyV1.1,#VHFLeftKidneyLandmarks,Landmarks,#VHFemaleOrgans,VH_F_kidney_L_landmark_minor_calyxes,minor calyxes,
#VHFLeftKidneyV1.1,#VHFLeftKidneyLandmarks,Landmarks,#VHFemaleOrgans,VH_F_kidney_L_landmark_major_calyxes,major calyxes,
#VHFLeftKidneyV1.1,#VHFLeftKidneyLandmarks,Landmarks,#VHFemaleOrgans,VH_F_kidney_L_landmark_renal_artery,left renal artery,
#VHFLeftKidneyV1.1,#VHFLeftKidneyLandmarks,Landmarks,#VHFemaleOrgans,VH_F_kidney_L_landmark_renal_vein,left renal vein,
-,-,Landmarks,#VHFemaleOrgans,VH_F_knee_landmarks,knee landmarks,
-,-,Landmarks,#VHFemaleOrgans,VH_F_knee_R_landmarks,right knee landmarks,
#VHFRightKnee,#VHFRightKneeLandmarks,Landmarks,#VHFemaleOrgans,VH_F_knee_R_landmark_rectus_femoris,right rectus femoris,
#VHFRightKnee,#VHFRightKneeLandmarks,Landmarks,#VHFemaleOrgans,VH_F_knee_R_landmark_ligaments,right knee ligaments,
-,-,Landmarks,#VHFemaleOrgans,VH_F_knee_L_landmarks,left knee landmarks,
#VHFLeftKnee,#VHFLeftKneeLandmarks,Landmarks,#VHFemaleOrgans,VH_F_knee_L_landmark_rectus_femoris,left rectus femoris,
#VHFLeftKnee,#VHFLeftKneeLandmarks,Landmarks,#VHFemaleOrgans,VH_F_knee_L_landmark_ligaments,left knee ligaments,
-,-,Landmarks,#VHFemaleOrgans,VH_F_large_intestine_landmarks,large intestine landmarks,
#VHFLargeIntestine,#VHFLargeIntestineLandmarks,Landmarks,#VHFemaleOrgans,VH_F_large_intestine_landmark_veins,large intestine veins,
#VHFLargeIntestine,#VHFLargeIntestineLandmarks,Landmarks,#VHFemaleOrgans,VH_F_large_intestine_landmark_arteries,large intestine arteries,
-,-,Landmarks,#VHFemaleOrgans,VH_F_liver_landmarks,liver landmarks,
#VHFLiver,#VHFLiverLandmarks,Landmarks,#VHFemaleOrgans,VH_F_liver_landmark_gallbladder,gallbladder,
#VHFLiver,#VHFLiverLandmarks,Landmarks,#VHFemaleOrgans,VH_F_liver_landmark_cystic_artery,cystic artery,
#VHFLiver,#VHFLiverLandmarks,Landmarks,#VHFemaleOrgans,VH_F_liver_landmark_cystic_vein,cystic vein,
#VHFLiver,#VHFLiverLandmarks,Landmarks,#VHFemaleOrgans,VH_F_liver_landmark_biliary_tree,biliary tree,
#VHFLiver,#VHFLiverLandmarks,Landmarks,#VHFemaleOrgans,VH_F_liver_landmark_veins_of_liver,veins of liver,
#VHFLiver,#VHFLiverLandmarks,Landmarks,#VHFemaleOrgans,VH_F_liver_landmark_arteries_of_liver,arteries of liver,
-,-,Landmarks,#VHFemaleOrgans,VH_F_ovary__landmarks,-,
-,-,Landmarks,#VHFemaleOrgans,VH_F_ovary_R_landmarks,Right ovary landmarks,
#VHFRightOvary,#VHFRightOvaryLandmarks,Landmarks,#VHFemaleOrgans,VH_F_ovary_R_landmark_fallopian_tube,Right fallopian tube,
#VHFRightOvary,#VHFRightOvaryLandmarks,Landmarks,#VHFemaleOrgans,VH_F_ovary_R_landmark_ligaments_of_uterus_and_ovaries,Right ligaments of uterus and ovaries,
#VHFRightOvary,#VHFRightOvaryLandmarks,Landmarks,#VHFemaleOrgans,VH_F_ovary_R_landmark_uterus,uterus,
-,-,Landmarks,#VHFemaleOrgans,VH_F_ovary_L_landmarks,left ovary landmarks,
#VHFLeftOvary,#VHFLeftOvaryLandmarks,Landmarks,#VHFemaleOrgans,VH_F_ovary_L_landmark_uterus,uterus,
#VHFLeftOvary,#VHFLeftOvaryLandmarks,Landmarks,#VHFemaleOrgans,VH_F_ovary_L_landmark_ligaments_of_uterus_and_ovaries,left ligaments of uterus and ovaries,
#VHFLeftOvary,#VHFLeftOvaryLandmarks,Landmarks,#VHFemaleOrgans,VH_F_ovary_L_landmark_fallopian_tube,left fallopian tube,
-,-,Landmarks,#VHFemaleOrgans,VH_F_pancreas_landmarks,pancreas landmarks,
#VHFPancreas,#VHFPancreasLandmarks,Landmarks,#VHFemaleOrgans,VH_F_pancreas_landmark_duodenum,duodenum,
#VHFPancreas,#VHFPancreasLandmarks,Landmarks,#VHFemaleOrgans,VH_F_pancreas_landmark_biliary_tree,biliary tree,
#VHFPlacenta,#VHFPlacentaLandmarks,Landmarks,#VHFemaleOrgans,VH_F_basal_plate,basal plate,
#VHFPlacenta,#VHFPlacentaLandmarks,Landmarks,#VHFemaleOrgans,VH_F_placenta_vessels,placenta vessels,
-,-,Landmarks,#VHFemaleOrgans,VH_F_small_intestine_landmarks,small intestine landmarks,
#VHFSmallIntestine,#VHFSmallInstestineLandmarks,Landmarks,#VHFemaleOrgans,VH_F_small_intestine_landmark_biliary_tree,biliary tree,
#VHFSmallIntestine,#VHFSmallInstestineLandmarks,Landmarks,#VHFemaleOrgans,VH_F_small_intestine_landmark_cm_markers,cm line markers,
#VHFSmallIntestine,#VHFSmallInstestineLandmarks,Landmarks,#VHFemaleOrgans,VH_F_small_intestine_landmark_jejunoileal_junction,jejunoileal junction,
#VHFSmallIntestine,#VHFSmallInstestineLandmarks,Landmarks,#VHFemaleOrgans,VH_F_small_intestine_landmark_measurement_discs,five cm disc markers,
#VHFSmallIntestine,#VHFSmallInstestineLandmarks,Landmarks,#VHFemaleOrgans,VH_F_small_intestine_disc_at_185_cm,185 cm markers,
#VHFSmallIntestine,#VHFSmallInstestineLandmarks,Landmarks,#VHFemaleOrgans,VH_F_small_intestine_disc_at_180_cm,180 cm markers,
#VHFSmallIntestine,#VHFSmallInstestineLandmarks,Landmarks,#VHFemaleOrgans,VH_F_small_intestine_disc_at_175_cm,175 cm markers,
#VHFSmallIntestine,#VHFSmallInstestineLandmarks,Landmarks,#VHFemaleOrgans,VH_F_small_intestine_disc_at_170_cm,170 cm markers,
#VHFSmallIntestine,#VHFSmallInstestineLandmarks,Landmarks,#VHFemaleOrgans,VH_F_small_intestine_disc_at_165_cm,165 cm markers,
#VHFSmallIntestine,#VHFSmallInstestineLandmarks,Landmarks,#VHFemaleOrgans,VH_F_small_intestine_disc_at_160_cm,160 cm markers,
#VHFSmallIntestine,#VHFSmallInstestineLandmarks,Landmarks,#VHFemaleOrgans,VH_F_small_intestine_disc_at_155_cm,155 cm markers,
#VHFSmallIntestine,#VHFSmallInstestineLandmarks,Landmarks,#VHFemaleOrgans,VH_F_small_intestine_disc_at_150_cm,150 cm markers,
#VHFSmallIntestine,#VHFSmallInstestineLandmarks,Landmarks,#VHFemaleOrgans,VH_F_small_intestine_disc_at_145_cm,145 cm markers,
#VHFSmallIntestine,#VHFSmallInstestineLandmarks,Landmarks,#VHFemaleOrgans,VH_F_small_intestine_disc_at_140_cm,140 cm markers,
#VHFSmallIntestine,#VHFSmallInstestineLandmarks,Landmarks,#VHFemaleOrgans,VH_F_small_intestine_disc_at_135_cm,135 cm markers,
#VHFSmallIntestine,#VHFSmallInstestineLandmarks,Landmarks,#VHFemaleOrgans,VH_F_small_intestine_disc_at_130_cm,130 cm markers,
#VHFSmallIntestine,#VHFSmallInstestineLandmarks,Landmarks,#VHFemaleOrgans,VH_F_small_intestine_disc_at_125_cm,125 cm markers,
#VHFSmallIntestine,#VHFSmallInstestineLandmarks,Landmarks,#VHFemaleOrgans,VH_F_small_intestine_disc_at_120_cm,120 cm markers,
#VHFSmallIntestine,#VHFSmallInstestineLandmarks,Landmarks,#VHFemaleOrgans,VH_F_small_intestine_disc_at_115_cm,115 cm markers,
#VHFSmallIntestine,#VHFSmallInstestineLandmarks,Landmarks,#VHFemaleOrgans,VH_F_small_intestine_disc_at_110_cm,110 cm markers,
#VHFSmallIntestine,#VHFSmallInstestineLandmarks,Landmarks,#VHFemaleOrgans,VH_F_small_intestine_disc_at_105_cm,105 cm markers,
#VHFSmallIntestine,#VHFSmallInstestineLandmarks,Landmarks,#VHFemaleOrgans,VH_F_small_intestine_disc_at_100_cm,100 cm markers,
#VHFSmallIntestine,#VHFSmallInstestineLandmarks,Landmarks,#VHFemaleOrgans,VH_F_small_intestine_disc_at_095_cm,95 cm markers,
#VHFSmallIntestine,#VHFSmallInstestineLandmarks,Landmarks,#VHFemaleOrgans,VH_F_small_intestine_disc_at_090_cm,90 cm markers,
#VHFSmallIntestine,#VHFSmallInstestineLandmarks,Landmarks,#VHFemaleOrgans,VH_F_small_intestine_disc_at_085_cm,85 cm markers,
#VHFSmallIntestine,#VHFSmallInstestineLandmarks,Landmarks,#VHFemaleOrgans,VH_F_small_intestine_disc_at_080_cm,80 cm markers,
#VHFSmallIntestine,#VHFSmallInstestineLandmarks,Landmarks,#VHFemaleOrgans,VH_F_small_intestine_disc_at_075_cm,75 cm markers,
#VHFSmallIntestine,#VHFSmallInstestineLandmarks,Landmarks,#VHFemaleOrgans,VH_F_small_intestine_disc_at_070_cm,70 cm markers,
#VHFSmallIntestine,#VHFSmallInstestineLandmarks,Landmarks,#VHFemaleOrgans,VH_F_small_intestine_disc_at_065_cm,65 cm markers,
#VHFSmallIntestine,#VHFSmallInstestineLandmarks,Landmarks,#VHFemaleOrgans,VH_F_small_intestine_disc_at_060_cm,60 cm markers,
#VHFSmallIntestine,#VHFSmallInstestineLandmarks,Landmarks,#VHFemaleOrgans,VH_F_small_intestine_disc_at_055_cm,55 cm markers,
#VHFSmallIntestine,#VHFSmallInstestineLandmarks,Landmarks,#VHFemaleOrgans,VH_F_small_intestine_disc_at_050_cm,50 cm markers,
#VHFSmallIntestine,#VHFSmallInstestineLandmarks,Landmarks,#VHFemaleOrgans,VH_F_small_intestine_disc_at_045_cm,45 cm markers,
#VHFSmallIntestine,#VHFSmallInstestineLandmarks,Landmarks,#VHFemaleOrgans,VH_F_small_intestine_disc_at_040_cm,40 cm markers,
#VHFSmallIntestine,#VHFSmallInstestineLandmarks,Landmarks,#VHFemaleOrgans,VH_F_small_intestine_disc_at_035_cm,35 cm markers,
#VHFSmallIntestine,#VHFSmallInstestineLandmarks,Landmarks,#VHFemaleOrgans,VH_F_small_intestine_disc_at_030_cm,30 cm markers,
#VHFSmallIntestine,#VHFSmallInstestineLandmarks,Landmarks,#VHFemaleOrgans,VH_F_small_intestine_disc_at_025_cm,25 cm markers,
#VHFSmallIntestine,#VHFSmallInstestineLandmarks,Landmarks,#VHFemaleOrgans,VH_F_small_intestine_disc_at_020_cm,20 cm markers,
#VHFSmallIntestine,#VHFSmallInstestineLandmarks,Landmarks,#VHFemaleOrgans,VH_F_small_intestine_disc_at_015_cm,15 cm markers,
#VHFSmallIntestine,#VHFSmallInstestineLandmarks,Landmarks,#VHFemaleOrgans,VH_F__small_intestine_disc_at_010_cm,10 cm markers,
#VHFSmallIntestine,#VHFSmallInstestineLandmarks,Landmarks,#VHFemaleOrgans,VH_F_small_intestine_disc_at_005_cm,5 cm markers,
-,-,Landmarks,#VHFemaleOrgans,VH_F_spinal_cord_landmarks,spinal cord landmarks,
-,-,Landmarks,#VHFemaleOrgans,VH_F_spinal_cord_landmark_vertebrae,vertebrae,
#VHFSpinalCord,#VHFSpinalCordVertebraeLandmarks,Landmarks,#VHFemaleOrgans,VH_F_spinal_cord_landmark_thoracic_vertebrae,thoracic vertebrae,
#VHFSpinalCord,#VHFSpinalCordVertebraeLandmarks,Landmarks,#VHFemaleOrgans,VH_F_spinal_cord_landmark_lumbar_vertebrae,lumbar vertebrae,
#VHFSpinalCord,#VHFSpinalCordVertebraeLandmarks,Landmarks,#VHFemaleOrgans,VH_F_spinal_cord_landmark_cervical_vertebrae,cervical vertebrae,
-,-,-,#VHFemaleOrgans,VH_F_spleen_landmarks,spleen landmarks,
#VHFSpleenV1.1,#VHFSpleenLandmarks,Landmarks,#VHFemaleOrgans,VH_F_spleen_landmark_splenic_artery,splenic artery,
#VHFSpleenV1.1,#VHFSpleenLandmarks,Landmarks,#VHFemaleOrgans,VH_F_spleen_landmark_splenic_vein,splenic vein,
-,-,-,#VHFemaleOrgans,VH_F_uterus_landmarks,uterus landmarks,
#VHFUterus,#VHFUterusLandmarks,Landmarks,#VHFemaleOrgans,VH_F_uterus_landmark_fallopian_tube_L,left fallopian tube,
#VHFUterus,#VHFUterusLandmarks,Landmarks,#VHFemaleOrgans,VH_F_uterus_landmark_fallopian_tube_R,right fallopian tube,
#VHFUterus,#VHFUterusLandmarks,Landmarks,#VHFemaleOrgans,VH_F_uterus_landmark_left_uterine_vein,left uterine vein,
#VHFUterus,#VHFUterusLandmarks,Landmarks,#VHFemaleOrgans,VH_F_uterus_landmark_left_uterine_artery,left uterine artery,
#VHFUterus,#VHFUterusLandmarks,Landmarks,#VHFemaleOrgans,VH_F_uterus_landmark_right_uterine_artery,right uterine artery,
#VHFUterus,#VHFUterusLandmarks,Landmarks,#VHFemaleOrgans,VH_F_uterus_landmark_right_uterine_vein,right uterine vein,
#VHFUterus,#VHFUterusLandmarks,Landmarks,#VHFemaleOrgans,VH_F_uterus_landmark_ligaments_of_uterus_and_ovaries,ligaments of uterus and ovary,
#VHFUterus,#VHFUterusLandmarks,Landmarks,#VHFemaleOrgans,VH_F_uterus_landmark_vagina,vagina,
#VHFLeftUreter,#VHFLeftUreterLandmarks,Landmarks,#VHFemaleOrgans,VH_F_kidney_calyx_L,kidney calyx,
#VHFLeftUreter,#VHFLeftUreterLandmarks,Landmarks,#VHFemaleOrgans,VH_F_renal_pelvis_L,renal pelvis,
#VHFRightUreter,#VHFRightUreterLandmarks,Landmarks,#VHFemaleOrgans,VH_F_renal_calyx_R,kidney calyx,
#VHFRightUreter,#VHFRightUreterLandmarks,Landmarks,#VHFemaleOrgans,VH_F_renal_pelvis_R,renal pelvis,
-,-,-,#VHFemaleOrgans,VH_F_ureter_landmarks,ureter landmarks,
#VHFLeftUreter,#VHFLeftUreterLandmarks,Landmarks,#VHFemaleOrgans,VH_F_ureter_L_landmark_urinary_bladder,urinary bladder,
#VHFRightUreter,#VHFRightUreterLandmarks,Landmarks,#VHFemaleOrgans,VH_F_ureter_R_landmark_urinary_bladder,urinary bladder,
-,-,-,#VHFemaleOrgans,VH_F_urinary_bladder_landmarks,Urinary Bladder Landmarks,
#VHFUrinaryBladder,#VHFUrinaryBladderLandmarks,Landmarks,#VHFemaleOrgans,VH_F_urinary_bladder_landmark_right_ureter,right ureter,
#VHFUrinaryBladder,#VHFUrinaryBladderLandmarks,Landmarks,#VHFemaleOrgans,VH_F_urinary_bladder_landmark_left_ureter,left ureter,
-,-,-,-,VH_F_Extraction_Sites,-,
-,-,ALL,#VHFemaleOrgans,VH_F_heart_extraction_sites,Heart extraction sites,
-,-,HCA,#VHFemaleOrgans,VH_F_heart_HCA_extraction_sites,HCA heart extraction sites,
#VHFHeartV1.1,#VHFHeartHCASet1,HCA,#VHFemaleOrgans,VH_F_heart_HCA_right_ventricle,right ventricle,
#VHFHeartV1.1,#VHFHeartHCASet1,HCA,#VHFemaleOrgans,VH_F_heart_HCA_right_atrium,right atrium,
#VHFHeartV1.1,#VHFHeartHCASet1,HCA,#VHFemaleOrgans,VH_F_heart_HCA_septum,septum,
#VHFHeartV1.1,#VHFHeartHCASet1,HCA,#VHFemaleOrgans,VH_F_heart_HCA_left_ventricle_free_wall,left ventricle free wall,
#VHFHeartV1.1,#VHFHeartHCASet1,HCA,#VHFemaleOrgans,VH_F_heart_HCA_apex,apex,
#VHFHeartV1.1,#VHFHeartHCASet1,HCA,#VHFemaleOrgans,VH_F_heart_HCA_left_atrium,left atrium,
-,-,SPARC,#VHFemaleOrgans,VH_F_heart_SPARC_extraction_sites,VH_F_heart_SPARC heart extraction sites,
#VHFHeartV1.1,#VHFHeartVH_F_heart_SPARCSet1,SPARC,#VHFemaleOrgans,VH_F_heart_SPARC_apical_septum,apical septum,
#VHFHeartV1.1,#VHFHeartVH_F_heart_SPARCSet1,SPARC,#VHFemaleOrgans,VH_F_heart_SPARC_AVN,AV (atrioventricular) node,
#VHFHeartV1.1,#VHFHeartVH_F_heart_SPARCSet1,SPARC,#VHFemaleOrgans,VH_F_heart_SPARC_basal_lateral_LV,basal lateral left ventricle,
#VHFHeartV1.1,#VHFHeartVH_F_heart_SPARCSet1,SPARC,#VHFemaleOrgans,VH_F_heart_SPARC_basal_inf_LV,basal inferior left ventricle,
#VHFHeartV1.1,#VHFHeartVH_F_heart_SPARCSet1,SPARC,#VHFemaleOrgans,VH_F_heart_SPARC_basal_ant_LV,basal anterior left ventricle,
#VHFHeartV1.1,#VHFHeartVH_F_heart_SPARCSet1,SPARC,#VHFemaleOrgans,VH_F_heart_SPARC_VIVGP,ventral interventricular ganglionated plexi,
#VHFHeartV1.1,#VHFHeartVH_F_heart_SPARCSet1,SPARC,#VHFemaleOrgans,VH_F_heart_SPARC_sinus_venarum,sinus venarum,
#VHFHeartV1.1,#VHFHeartVH_F_heart_SPARCSet1,SPARC,#VHFemaleOrgans,VH_F_heart_SPARC_RVOT,right ventricular outflow tract,
#VHFHeartV1.1,#VHFHeartVH_F_heart_SPARCSet1,SPARC,#VHFemaleOrgans,VH_F_heart_SPARC_papillary_muscle,papillary muscle,
#VHFHeartV1.1,#VHFHeartVH_F_heart_SPARCSet1,SPARC,#VHFemaleOrgans,VH_F_heart_SPARC_mitral_valve,mitral valve,
#VHFHeartV1.1,#VHFHeartVH_F_heart_SPARCSet1,SPARC,#VHFemaleOrgans,VH_F_heart_SPARC_mid_septum,mid septum,
#VHFHeartV1.1,#VHFHeartVH_F_heart_SPARCSet1,SPARC,#VHFemaleOrgans,VH_F_heart_SPARC_RAGP,right atrial ganglionated plexus,
#VHFHeartV1.1,#VHFHeartVH_F_heart_SPARCSet1,SPARC,#VHFemaleOrgans,VH_F_heart_SPARC_RV_free_wall,right ventricular free wall,
#VHFHeartV1.1,#VHFHeartVH_F_heart_SPARCSet1,SPARC,#VHFemaleOrgans,VH_F_heart_SPARC_RV_inflow,right ventricular inflow,
#VHFHeartV1.1,#VHFHeartVH_F_heart_SPARCSet1,SPARC,#VHFemaleOrgans,VH_F_heart_SPARC_posterior_LA,posterior left atrium,
#VHFHeartV1.1,#VHFHeartVH_F_heart_SPARCSet1,SPARC,#VHFemaleOrgans,VH_F_heart_SPARC_RA_trabeular_myocardium,right atrium trabecular myocardium,
#VHFHeartV1.1,#VHFHeartVH_F_heart_SPARCSet1,SPARC,#VHFemaleOrgans,VH_F_heart_SPARC_RAA,right aortic arch,
#VHFHeartV1.1,#VHFHeartVH_F_heart_SPARCSet1,SPARC,#VHFemaleOrgans,VH_F_heart_SPARC_LV_apex,left ventricle apex,
#VHFHeartV1.1,#VHFHeartVH_F_heart_SPARCSet1,SPARC,#VHFemaleOrgans,VH_F_heart_SPARC_IVCIAGP,inferior vena cava-inferior atrial ganglionated plexi,
#VHFHeartV1.1,#VHFHeartVH_F_heart_SPARCSet1,SPARC,#VHFemaleOrgans,VH_F_heart_SPARC_mid_lateral_LV,mid lateral left ventricle,
#VHFHeartV1.1,#VHFHeartVH_F_heart_SPARCSet1,SPARC,#VHFemaleOrgans,VH_F_heart_SPARC_basal_septum,basal septum,
#VHFHeartV1.1,#VHFHeartVH_F_heart_SPARCSet1,SPARC,#VHFemaleOrgans,VH_F_heart_SPARC_base_of_LAA,base of left aortic arch,
#VHFHeartV1.1,#VHFHeartVH_F_heart_SPARCSet1,SPARC,#VHFemaleOrgans,VH_F_heart_SPARC_LAA,left aortic arch,
#VHFHeartV1.1,#VHFHeartVH_F_heart_SPARCSet1,SPARC,#VHFemaleOrgans,VH_F_heart_SPARC_mid_inf_LV,mid inferior left ventricle,
#VHFHeartV1.1,#VHFHeartVH_F_heart_SPARCSet1,SPARC,#VHFemaleOrgans,VH_F_heart_SPARC_mid_ant_LV,mid anterior left ventricle,
-,-,Pei,#VHFemaleOrgans,VH_F_heart_Pei_extraction_sites,Pei heart extraction sites,
#VHFHeartV1.1,#VHFHeartPeiSet1,Pei,#VHFemaleOrgans,VH_F_heart_Pei_right_atrium,right atrium,
#VHFHeartV1.1,#VHFHeartPeiSet1,Pei,#VHFemaleOrgans,VH_F_heart_Pei_RV_free_wall,right ventricle free wall,
#VHFHeartV1.1,#VHFHeartPeiSet1,Pei,#VHFemaleOrgans,VH_F_heart_Pei_septum,septum,
#VHFHeartV1.1,#VHFHeartPeiSet1,Pei,#VHFemaleOrgans,VH_F_heart_Pei_aortic_root,aortic root,
#VHFHeartV1.1,#VHFHeartPeiSet1,Pei,#VHFemaleOrgans,VH_F_heart_Pei_left_atrium,left atrium,
#VHFHeartV1.1,#VHFHeartPeiSet1,Pei,#VHFemaleOrgans,VH_F_heart_Pei_RA_SA_node,left atrium SA node,
#VHFHeartV1.1,#VHFHeartPeiSet1,Pei,#VHFemaleOrgans,VH_F_heart_Pei_RA_AV_node,right atrium AV node,
#VHFHeartV1.1,#VHFHeartPeiSet1,Pei,#VHFemaleOrgans,VH_F_heart_Pei_LV_free_wall,left ventricle free wall,
-,-,HuBMAP,#VHFemaleOrgans,VH_F_heart_HuBMAP_extraction_sites,HuBMAP heart extraction sites,
#VHFHeartV1.1,#VHFHeartHBMSet1,HuBMAP,#VHFemaleOrgans,VH_F_heart_HuBMAP_LV_free_wall_3cm_fr_apex,"Left ventricle",
#VHFHeartV1.1,#VHFHeartHBMSet1,HuBMAP,#VHFemaleOrgans,VH_F_heart_HuBMAP_LV_apex,"Left ventricle,",
#VHFHeartV1.1,#VHFHeartHBMSet1,HuBMAP,#VHFemaleOrgans,VH_F_heart_HuBMAP_LA_appendage,"Left atrium,",
#VHFHeartV1.1,#VHFHeartHBMSet1,HuBMAP,#VHFemaleOrgans,VH_F_heart_HuBMAP_RA_appendage,Right atrium appendage,
#VHFHeartV1.1,#VHFHeartHBMSet1,HuBMAP,#VHFemaleOrgans,VH_F_heart_HuBMAP_RV_free_wall_3cm_fr_apex,"Right ventricle",
#VHFHeartV1.1,#VHFHeartHBMSet1,HuBMAP,#VHFemaleOrgans,VH_F_heart_HuBMAP_septum_3cm_fr_apex_including_LAD,"Septum",
#VHFHeartV1.1,#VHFHeartHBMSet1,HuBMAP,#VHFemaleOrgans,VH_F_heart_HuBMAP_LA_inflow,"Left atrium,",
#VHFHeartV1.1,#VHFHeartHBMSet1,HuBMAP,#VHFemaleOrgans,VH_F_heart_HuBMAP_RA_SA_node,"Right atrium,",
#VHFHeartV1.1,#VHFHeartHBMSet1,HuBMAP,#VHFemaleOrgans,VH_F_heart_HuBMAP_RA_AV_node,"Right atrium,",
#VHFHeartV1.1,#VHFHeartHBMSet1,HuBMAP,#VHFemaleOrgans,VH_F_heart_HuBMAP_posterior_AV_junction_inc_coronary_sinus,"Posterior",
-,-,-,#VHFemaleOrgans,VH_F_kidney_extraction_sites,Kidney exraction sites,
-,-,-,#VHFemaleOrgans,VH_F_kidney_HuBMAP_extraction_sites,HuBMAP kideny extraction sites,
-,-,-,#VHFemaleOrgans,VH_F_spleen_extraction_sites,spleen extraction sites,
-,-,-,#VHFemaleOrgans,VH_F_spleen_HuBMAP_extraction_sites,HuBMAP Spleen Extraction Sites,
-,-,-,#VHFemaleOrgans,VH_F_spleen_HuBMAP_CC,-,
#VHFSpleenV1.1,#VHFSpleenHBMSet1,HuBMAP,#VHFemaleOrgans,VH_F_spleen_HuBMAP_CC1,CC1,
#VHFSpleenV1.1,#VHFSpleenHBMSet1,HuBMAP,#VHFemaleOrgans,VH_F_spleen_HuBMAP_CC2,CC2,
#VHFSpleenV1.1,#VHFSpleenHBMSet1,HuBMAP,#VHFemaleOrgans,VH_F_spleen_HuBMAP_CC3,CC3,
-,-,-,#VHFemaleOrgans,VH_F_spleen_HuBMAP_2x3,-,
-,-,-,#VHFemaleOrgans,VH_F_spleen_HuBMAP_CC1_2x3,-,
-,-,-,#VHFemaleOrgans,VH_F_spleen_HuBMAP_CC1_1_2x3,-,
-,-,-,#VHFemaleOrgans,VH_F_spleen_HuBMAP_CC1_2_2x3,-,
-,-,-,#VHFemaleOrgans,VH_F_spleen_HuBMAP_CC1_3_2x3,-,
-,-,-,#VHFemaleOrgans,VH_F_spleen_HuBMAP_CC1_4_2x3,-,
-,-,-,#VHFemaleOrgans,VH_F_spleen_HuBMAP_CC1_5_2x3,-,
-,-,-,#VHFemaleOrgans,VH_F_spleen_HuBMAP_CC1_6_2x3,-,
-,-,-,#VHFemaleOrgans,VH_F_spleen_HuBMAP_CC2_2x3,-,
-,-,-,#VHFemaleOrgans,VH_F_spleen_HuBMAP_CC2_1_2x3,-,
-,-,-,#VHFemaleOrgans,VH_F_spleen_HuBMAP_CC2_2_2x3,-,
-,-,-,#VHFemaleOrgans,VH_F_spleen_HuBMAP_CC2_3_2x3,-,
-,-,-,#VHFemaleOrgans,VH_F_spleen_HuBMAP_CC2_4_2x3,-,
-,-,-,#VHFemaleOrgans,VH_F_spleen_HuBMAP_CC2_5_2x3,-,
-,-,-,#VHFemaleOrgans,VH_F_spleen_HuBMAP_CC2_6_2x3,-,
-,-,-,#VHFemaleOrgans,VH_F_spleen_HuBMAP_CC3_2x3,-,
-,-,-,#VHFemaleOrgans,VH_F_spleen_HuBMAP_CC3_1_2x3,-,
-,-,-,#VHFemaleOrgans,VH_F_spleen_HuBMAP_CC3_2_2x3,-,
-,-,-,#VHFemaleOrgans,VH_F_spleen_HuBMAP_CC3_3_2x3,-,
-,-,-,#VHFemaleOrgans,VH_F_spleen_HuBMAP_CC3_4_2x3,-,
-,-,-,#VHFemaleOrgans,VH_F_spleen_HuBMAP_CC3_5_2x3,-,
-,-,-,#VHFemaleOrgans,VH_F_spleen_HuBMAP_CC3_6_2x3,-,
-,-,-,#VHFemaleOrgans,VH_F_spleen_HuBMAP_1x6,-,
-,-,-,#VHFemaleOrgans,VH_F_spleen_HuBMAP_CC1_1x6,-,
-,-,-,#VHFemaleOrgans,VH_F_spleen_HuBMAP_CC1_1_1x6,-,
-,-,-,#VHFemaleOrgans,VH_F_spleen_HuBMAP_CC1_2_1x6,-,
-,-,-,#VHFemaleOrgans,VH_F_spleen_HuBMAP_CC1_3_1x6,-,
-,-,-,#VHFemaleOrgans,VH_F_spleen_HuBMAP_CC1_4_1x6,-,
-,-,-,#VHFemaleOrgans,VH_F_spleen_HuBMAP_CC1_5_1x6,-,
-,-,-,#VHFemaleOrgans,VH_F_spleen_HuBMAP_CC1_6_1x6,-,
-,-,-,#VHFemaleOrgans,VH_F_spleen_HuBMAP_CC2_1x6,-,
-,-,-,#VHFemaleOrgans,VH_F_spleen_HuBMAP_CC2_6_1x6,-,
-,-,-,#VHFemaleOrgans,VH_F_spleen_HuBMAP_CC2_1_1x6,-,
-,-,-,#VHFemaleOrgans,VH_F_spleen_HuBMAP_CC2_2_1x6,-,
-,-,-,#VHFemaleOrgans,VH_F_spleen_HuBMAP_CC2_3_1x6,-,
-,-,-,#VHFemaleOrgans,VH_F_spleen_HuBMAP_CC2_4_1x6,-,
-,-,-,#VHFemaleOrgans,VH_F_spleen_HuBMAP_CC2_5_1x6,-,
-,-,-,#VHFemaleOrgans,VH_F_spleen_HuBMAP_CC3_1x6,-,
-,-,-,#VHFemaleOrgans,VH_F_spleen_HuBMAP_CC3_1_1x6,-,
-,-,-,#VHFemaleOrgans,VH_F_spleen_HuBMAP_CC3_2_1x6,-,
-,-,-,#VHFemaleOrgans,VH_F_spleen_HuBMAP_CC3_3_1x6,-,
-,-,-,#VHFemaleOrgans,VH_F_spleen_HuBMAP_CC3_4_1x6,-,
-,-,-,#VHFemaleOrgans,VH_F_spleen_HuBMAP_CC3_5_1x6,-,
-,-,-,#VHFemaleOrgans,VH_F_spleen_HuBMAP_CC3_6_1x6,-,
-,-,-,#VHFemaleOrgans,VH_F_colon_extraction_sites,large intestine extraction sites,
-,-,-,#VHFemaleOrgans,VH_F_colon_HuBMAP_extraction_sites,HuBMAP colon extraction sites,
#VHFLargeIntestine,#VHFColonSet1,HuBMAP,#VHFemaleOrgans,VH_F_colon_HuBMAP_ascending_colon,Ascending colon,
#VHFLargeIntestine,#VHFColonSet1,HuBMAP,#VHFemaleOrgans,VH_F_colon_HuBMAP_transverse_colon,Transverse colon,
#VHFLargeIntestine,#VHFColonSet1,HuBMAP,#VHFemaleOrgans,VH_F_colon_HuBMAP_descending_colon,Descending colon,
#VHFLargeIntestine,#VHFColonSet1,HuBMAP,#VHFemaleOrgans,VH_F_colon_HuBMAP_sigmoid_colon,Sigmoid colon,
,,,,,,
-,-,-,#VHMaleOrgans,VH_M_landmarks,landmarks for male body,
-,-,-,#VHMaleOrgans,VH_M_eye_landmarks,Eye Landmarks,
-,-,Landmarks,#VHMaleOrgans,VH_M_eye_L_landmarks,Left Eye Landmarks,
#VHMLeftEye,#VHMEyeLeftLandmarks,Landmarks,#VHMaleOrgans,VH_M_eye_L_landmark_muscles,Left Eye Muscles,
#VHMLeftEye,#VHMEyeLeftLandmarks,Landmarks,#VHMaleOrgans,VH_M_eye_L_landmark_arteries,Left Eye Arteries,
#VHMLeftEye,#VHMEyeLeftLandmarks,Landmarks,#VHMaleOrgans,VH_M_eye_L_landmark_veins,Left Eye Veins,
#VHMLeftEye,#VHMEyeLeftLandmarks,Landmarks,#VHMaleOrgans,VH_M_eye_L_landmark_dura_mater_optic_nerve,Left Eye Dura Mater Optic Nerve,
-,-,Landmarks,#VHMaleOrgans,VH_M_eye_R_landmarks,Right Eye Landmarks,
#VHMRightEye,#VHMEyeRightLandmarks,Landmarks,#VHMaleOrgans,VH_M_eye_R_landmark_dura_mater_optic_nerve,Right Eye Muscles,
#VHMRightEye,#VHMEyeRightLandmarks,Landmarks,#VHMaleOrgans,VH_M_eye_R_landmark_veins,Right Eye Arteries,
#VHMRightEye,#VHMEyeRightLandmarks,Landmarks,#VHMaleOrgans,VH_M_eye_R_landmark_arteries,Right Eye Veins,
#VHMRightEye,#VHMEyeRightLandmarks,Landmarks,#VHMaleOrgans,VH_M_eye_R_landmark_muscles,Right Eye Dura Mater Optic Nerve,
-,-,-,#VHMaleOrgans,VH_M_heart_landmarks,heart landmarks,
#VHMHeart,#VHMHeartLandmarks,Landmarks,#VHMaleOrgans,VH_M_heart_landmark_arteries,Heart arteries,
#VHMHeart,#VHMHeartLandmarks,Landmarks,#VHMaleOrgans,VH_M_heart_landmark_veins,Heart veins,
#VHMRightKidney,#VHMRightKidneyLandmarks,Landmarks,#VHMaleOrgans,VH_M_kidney_HuBMAP_bisection_line_R,bisection line,
-,-,-,#VHMaleOrgans,VH_M_kidney_landmarks,Kidney landmarks,
-,-,-,#VHMaleOrgans,VH_M_kidney_R_landmarks,right kidney landmarks,
#VHMRightKidney,#VHMRightKidneyLandmarks,Landmarks,#VHMaleOrgans,VH_M_kidney_R_landmark_minor_calyxes,minor calyxes,
#VHMRightKidney,#VHMRightKidneyLandmarks,Landmarks,#VHMaleOrgans,VH_M_kidney_R_landmark_major_calyxes,major calyxes,
#VHMRightKidney,#VHMRightKidneyLandmarks,Landmarks,#VHMaleOrgans,VH_M_kidney_R_landmark_ureter,right ureter,
#VHMRightKidney,#VHMRightKidneyLandmarks,Landmarks,#VHMaleOrgans,VH_M_kidney_R_landmark_renal_pelvis,right renal pelvis,
#VHMRightKidney,#VHMRightKidneyLandmarks,Landmarks,#VHMaleOrgans,VH_M_kidney_R_landmark_renal_artery,right renal artery,
#VHMRightKidney,#VHMRightKidneyLandmarks,Landmarks,#VHMaleOrgans,VH_M_kidney_R_landmark_renal_vein,right renal vein,
#VHMLeftKidney,#VHMLeftKidneyLandmarks,Landmarks,#VHMaleOrgans,VH_M_kidney_HuBMAP_bisection_line_L,bisection line,
-,-,-,#VHMaleOrgans,VH_M_kidney_L_landmarks,left kidney landmarks,
#VHMLeftKidney,#VHMLeftKidneyLandmarks,Landmarks,#VHMaleOrgans,VH_M_kidney_L_landmark_renal_vein,minor calyxes,
#VHMLeftKidney,#VHMLeftKidneyLandmarks,Landmarks,#VHMaleOrgans,VH_M_kidney_L_landmark_renal_artery,major calyxes,
#VHMLeftKidney,#VHMLeftKidneyLandmarks,Landmarks,#VHMaleOrgans,VH_M_kidney_L_landmark_renal_pelvis,left ureter,
#VHMLeftKidney,#VHMLeftKidneyLandmarks,Landmarks,#VHMaleOrgans,VH_M_kidney_L_landmark_ureter,left renal pelvis,
#VHMLeftKidney,#VHMLeftKidneyLandmarks,Landmarks,#VHMaleOrgans,VH_M_kidney_L_landmark_major_calyxes,left renal artery,
#VHMLeftKidney,#VHMLeftKidneyLandmarks,Landmarks,#VHMaleOrgans,VH_M_kidney_L_landmark_minor_calyxes,left renal vein,
-,-,-,#VHMaleOrgans,VH_M_knee_landmarks,knee landmarks,
-,-,-,#VHMaleOrgans,VH_M_knee_R_landmarks,right knee landmarks,
#VHMRightKnee,#VHMRightKneeLandmarks,Landmarks,#VHMaleOrgans,VH_M_knee_R_landmark_ligaments,right knee ligaments,
#VHMRightKnee,#VHMRightKneeLandmarks,Landmarks,#VHMaleOrgans,VH_M_knee_R_landmark_rectus_femoris,right rectus femoris,
-,-,-,#VHMaleOrgans,VH_M_knee_L_landmarks,left knee landmarks,
#VHMLeftKnee,#VHMleftKneeLandmarks,Landmarks,#VHMaleOrgans,VH_M_knee_L_landmark_ligaments,left knee ligaments,
#VHMLeftKnee,#VHMleftKneeLandmarks,Landmarks,#VHMaleOrgans,VH_M_knee_L_landmark_rectus_femoris,left rectus femoris,
-,-,-,#VHMaleOrgans,VH_M_large_intestine_landmarks,large intestine landmarks,
#VHMColon,#LargeIntestineLandmarks,Landmarks,#VHMaleOrgans,VH_M_large_intestine_landmark_veins,large intestine veins,
#VHMColon,#LargeIntestineLandmarks,Landmarks,#VHMaleOrgans,VH_M_large_intestine_landmark_arteries,large intestine arteries,
-,-,-,#VHMaleOrgans,VH_M_liver_landmarks,liver landmarks,
#VHMLiver,#VHMLiverLandmarks,Landmarks,#VHMaleOrgans,VH_M_liver_landmark_gallbladder,gallbladder,
#VHMLiver,#VHMLiverLandmarks,Landmarks,#VHMaleOrgans,VH_M_liver_landmark_cystic_artery,cystic artery,
#VHMLiver,#VHMLiverLandmarks,Landmarks,#VHMaleOrgans,VH_M_liver_landmark_cystic_vein,cystic vein,
#VHMLiver,#VHMLiverLandmarks,Landmarks,#VHMaleOrgans,VH_M_liver_landmark_biliary_tree,biliary tree,
#VHMLiver,#VHMLiverLandmarks,Landmarks,#VHMaleOrgans,VH_M_liver_landmark_veins_of_liver,veins of liver,
#VHMLiver,#VHMLiverLandmarks,Landmarks,#VHMaleOrgans,VH_M_liver_landmark_arteries_of_liver,arteries of liver,
-,-,-,#VHMaleOrgans,VH_M_pancreas_landmarks,pancreas landmarks,
#VHMPancreas,#VHMPancreasLandmarks,Landmarks,#VHMaleOrgans,VH_M_pancreas_landmark_biliary_tree,biliary tree,
#VHMPancreas,#VHMPancreasLandmarks,Landmarks,#VHMaleOrgans,VH_M_pancreas_landmark_duodenum,duodenum,
-,-,-,#VHMaleOrgans,VH_M_small_intestine_landmarks,Small Intestine landmarks,
#VHMSmallIntestine,#VHMSmallInstestineLandmarks,Landmarks,#VHMaleOrgans,VH_M_small_intestine_landmark_biliary_tree,biliary tree,
#VHMSmallIntestine,#VHMSmallInstestineLandmarks,Landmarks,#VHMaleOrgans,VH_M_small_intestine_landmark_measurement_discs,five cm disc markers,
#VHMSmallIntestine,#VHMSmallInstestineLandmarks,Landmarks,#VHMaleOrgans,VH_M_small_intestine_disc_at_005_cm,5 cm marker,
#VHMSmallIntestine,#VHMSmallInstestineLandmarks,Landmarks,#VHMaleOrgans,VH_M_small_intestine_disc_at_010_cm,10 cm marker,
#VHMSmallIntestine,#VHMSmallInstestineLandmarks,Landmarks,#VHMaleOrgans,VH_M_small_intestine_disc_at_015_cm,15 cm marker,
#VHMSmallIntestine,#VHMSmallInstestineLandmarks,Landmarks,#VHMaleOrgans,VH_M_small_intestine_disc_at_020_cm,20 cm marker,
#VHMSmallIntestine,#VHMSmallInstestineLandmarks,Landmarks,#VHMaleOrgans,VH_M_small_intestine_disc_at_025_cm,25 cm marker,
#VHMSmallIntestine,#VHMSmallInstestineLandmarks,Landmarks,#VHMaleOrgans,VH_M_small_intestine_disc_at_030_cm,30 cm marker,
#VHMSmallIntestine,#VHMSmallInstestineLandmarks,Landmarks,#VHMaleOrgans,VH_M_small_intestine_disc_at_035_cm,35 cm marker,
#VHMSmallIntestine,#VHMSmallInstestineLandmarks,Landmarks,#VHMaleOrgans,VH_M_small_intestine_disc_at_040_cm,40 cm marker,
#VHMSmallIntestine,#VHMSmallInstestineLandmarks,Landmarks,#VHMaleOrgans,VH_M_small_intestine_disc_at_045_cm,45 cm marker,
#VHMSmallIntestine,#VHMSmallInstestineLandmarks,Landmarks,#VHMaleOrgans,VH_M_small_intestine_disc_at_050_cm,50 cm marker,
#VHMSmallIntestine,#VHMSmallInstestineLandmarks,Landmarks,#VHMaleOrgans,VH_M_small_intestine_disc_at_055_cm,55 cm marker,
#VHMSmallIntestine,#VHMSmallInstestineLandmarks,Landmarks,#VHMaleOrgans,VH_M_small_intestine_disc_at_060_cm,60 cm marker,
#VHMSmallIntestine,#VHMSmallInstestineLandmarks,Landmarks,#VHMaleOrgans,VH_M_small_intestine_disc_at_065_cm,65 cm marker,
#VHMSmallIntestine,#VHMSmallInstestineLandmarks,Landmarks,#VHMaleOrgans,VH_M_small_intestine_disc_at_070_cm,70 cm marker,
#VHMSmallIntestine,#VHMSmallInstestineLandmarks,Landmarks,#VHMaleOrgans,VH_M_small_intestine_disc_at_075_cm,75 cm marker,
#VHMSmallIntestine,#VHMSmallInstestineLandmarks,Landmarks,#VHMaleOrgans,VH_M_small_intestine_disc_at_080_cm,80 cm marker,
#VHMSmallIntestine,#VHMSmallInstestineLandmarks,Landmarks,#VHMaleOrgans,VH_M_small_intestine_disc_at_085_cm,85 cm marker,
#VHMSmallIntestine,#VHMSmallInstestineLandmarks,Landmarks,#VHMaleOrgans,VH_M_small_intestine_disc_at_090_cm,90 cm marker,
#VHMSmallIntestine,#VHMSmallInstestineLandmarks,Landmarks,#VHMaleOrgans,VH_M_small_intestine_disc_at_095_cm,95 cm marker,
#VHMSmallIntestine,#VHMSmallInstestineLandmarks,Landmarks,#VHMaleOrgans,VH_M_small_intestine_disc_at_100_cm,100 cm marker,
#VHMSmallIntestine,#VHMSmallInstestineLandmarks,Landmarks,#VHMaleOrgans,VH_M_small_intestine_disc_at_105_cm,105 cm marker,
#VHMSmallIntestine,#VHMSmallInstestineLandmarks,Landmarks,#VHMaleOrgans,VH_M_small_intestine_disc_at_110_cm,110 cm marker,
#VHMSmallIntestine,#VHMSmallInstestineLandmarks,Landmarks,#VHMaleOrgans,VH_M_small_intestine_disc_at_115_cm,115 cm marker,
#VHMSmallIntestine,#VHMSmallInstestineLandmarks,Landmarks,#VHMaleOrgans,VH_M_small_intestine_disc_at_120_cm,120 cm marker,
#VHMSmallIntestine,#VHMSmallInstestineLandmarks,Landmarks,#VHMaleOrgans,VH_M_small_intestine_disc_at_125_cm,125 cm marker,
#VHMSmallIntestine,#VHMSmallInstestineLandmarks,Landmarks,#VHMaleOrgans,VH_M_small_intestine_disc_at_130_cm,130 cm marker,
#VHMSmallIntestine,#VHMSmallInstestineLandmarks,Landmarks,#VHMaleOrgans,VH_M_small_intestine_disc_at_135_cm,135 cm marker,
#VHMSmallIntestine,#VHMSmallInstestineLandmarks,Landmarks,#VHMaleOrgans,VH_M_small_intestine_disc_at_140_cm,140 cm marker,
#VHMSmallIntestine,#VHMSmallInstestineLandmarks,Landmarks,#VHMaleOrgans,VH_M_small_intestine_disc_at_145_cm,145 cm marker,
#VHMSmallIntestine,#VHMSmallInstestineLandmarks,Landmarks,#VHMaleOrgans,VH_M_small_intestine_disc_at_150_cm,150 cm marker,
#VHMSmallIntestine,#VHMSmallInstestineLandmarks,Landmarks,#VHMaleOrgans,VH_M_small_intestine_disc_at_155_cm,155 cm marker,
#VHMSmallIntestine,#VHMSmallInstestineLandmarks,Landmarks,#VHMaleOrgans,VH_M_small_intestine_disc_at_160_cm,160 cm marker,
#VHMSmallIntestine,#VHMSmallInstestineLandmarks,Landmarks,#VHMaleOrgans,VH_M_small_intestine_disc_at_165_cm,165 cm marker,
#VHMSmallIntestine,#VHMSmallInstestineLandmarks,Landmarks,#VHMaleOrgans,VH_M_small_intestine_disc_at_170_cm,170 cm marker,
#VHMSmallIntestine,#VHMSmallInstestineLandmarks,Landmarks,#VHMaleOrgans,VH_M_small_intestine_disc_at_175_cm,175 cm marker,
#VHMSmallIntestine,#VHMSmallInstestineLandmarks,Landmarks,#VHMaleOrgans,VH_M_small_intestine_disc_at_180_cm,180 cm marker,
#VHMSmallIntestine,#VHMSmallInstestineLandmarks,Landmarks,#VHMaleOrgans,VH_M_small_intestine_disc_at_185_cm,185 cm marker,
#VHMSmallIntestine,#VHMSmallInstestineLandmarks,Landmarks,#VHMaleOrgans,VH_M_small_intestine_disc_at_190_cm,190 cm marker,
#VHMSmallIntestine,#VHMSmallInstestineLandmarks,Landmarks,#VHMaleOrgans,VH_M_small_intestine_disc_at_195_cm,195 cm marker,
#VHMSmallIntestine,#VHMSmallInstestineLandmarks,Landmarks,#VHMaleOrgans,VH_M_small_intestine_disc_at_200_cm,200 cm marker,
#VHMSmallIntestine,#VHMSmallInstestineLandmarks,Landmarks,#VHMaleOrgans,VH_M_small_intestine_disc_at_205_cm,205 cm marker,
#VHMSmallIntestine,#VHMSmallInstestineLandmarks,Landmarks,#VHMaleOrgans,VH_M_small_intestine_disc_at_210_cm,210 cm marker,
#VHMSmallIntestine,#VHMSmallInstestineLandmarks,Landmarks,#VHMaleOrgans,VH_M_small_intestine_disc_at_215_cm,215 cm marker,
#VHMSmallIntestine,#VHMSmallInstestineLandmarks,Landmarks,#VHMaleOrgans,VH_M_small_intestine_disc_at_220_cm,220 cm marker,
#VHMSmallIntestine,#VHMSmallInstestineLandmarks,Landmarks,#VHMaleOrgans,VH_M_small_intestine_disc_at_225_cm,225 cm marker,
#VHMSmallIntestine,#VHMSmallInstestineLandmarks,Landmarks,#VHMaleOrgans,VH_M_small_intestine_disc_at_230_cm,230 cm marker,
#VHMSmallIntestine,#VHMSmallInstestineLandmarks,Landmarks,#VHMaleOrgans,VH_M_small_intestine_disc_at_235_cm,235 cm marker,
#VHMSmallIntestine,#VHMSmallInstestineLandmarks,Landmarks,#VHMaleOrgans,VH_M_small_intestine_disc_at_240_cm,240 cm marker,
#VHMSmallIntestine,#VHMSmallInstestineLandmarks,Landmarks,#VHMaleOrgans,VH_M_small_intestine_disc_at_245_cm,245 cm marker,
#VHMSmallIntestine,#VHMSmallInstestineLandmarks,Landmarks,#VHMaleOrgans,VH_M_small_intestine_disc_at_250_cm,250 cm marker,
#VHMSmallIntestine,#VHMSmallInstestineLandmarks,Landmarks,#VHMaleOrgans,VH_M_small_intestine_disc_at_255_cm,255 cm marker,
#VHMSmallIntestine,#VHMSmallInstestineLandmarks,Landmarks,#VHMaleOrgans,VH_M_small_intestine_disc_at_260_cm,260 cm marker,
#VHMSmallIntestine,#VHMSmallInstestineLandmarks,Landmarks,#VHMaleOrgans,VH_M_small_intestine_disc_at_265_cm,265 cm marker,
#VHMSmallIntestine,#VHMSmallInstestineLandmarks,Landmarks,#VHMaleOrgans,VH_M_small_intestine_disc_at_270_cm,270 cm marker,
#VHMSmallIntestine,#VHMSmallInstestineLandmarks,Landmarks,#VHMaleOrgans,VH_M_small_intestine_disc_at_275_cm,275 cm marker,
#VHMSmallIntestine,#VHMSmallInstestineLandmarks,Landmarks,#VHMaleOrgans,VH_M_small_intestine_disc_at_280_cm,280 cm marker,
#VHMSmallIntestine,#VHMSmallInstestineLandmarks,Landmarks,#VHMaleOrgans,VH_M_small_intestine_disc_at_285_cm,285 cm marker,
#VHMSmallIntestine,#VHMSmallInstestineLandmarks,Landmarks,#VHMaleOrgans,VH_M_small_intestine_landmark_jejunoileal_junction,jejunoileal junction,
#VHMSmallIntestine,#VHMSmallInstestineLandmarks,Landmarks,#VHMaleOrgans,VH_M_small_intestine_landmark_cm_markers,cm line markers,
-,-,-,#VHMaleOrgans,VH_M_spinal_cord_landmarks,spinal cord landmarks,
-,-,Landmarks,#VHMaleOrgans,VH_M_spinal_cord_landmark_vertebrae,vertebrae,
#VHMSpinalCord,#VHMSpinalCordVertebraeLandmarks,Landmarks,#VHMaleOrgans,VH_M_spinal_cord_landmark_cervical_vertebrae,cervical vertebrae,
#VHMSpinalCord,#VHMSpinalCordVertebraeLandmarks,Landmarks,#VHMaleOrgans,VH_M_spinal_cord_landmark_thoracic_vertebrae,thoracic vertebrae,
#VHMSpinalCord,#VHMSpinalCordVertebraeLandmarks,Landmarks,#VHMaleOrgans,VH_M_spinal_cord_landmark_lumbar_vertebrae,lumbar vertebrae,
-,-,-,#VHMaleOrgans,VH_M_spleen_landmarks,spleen landmarks,
#VHMSpleen,#VHMSpleenLandmarks,Landmarks,#VHMaleOrgans,VH_M_spleen_landmark_splenic_vein,splenic vein,
#VHMSpleen,#VHMSpleenLandmarks,Landmarks,#VHMaleOrgans,VH_M_spleen_landmark_splenic_artery,splenic artery,
#VHMLeftUreter,#VHMLeftUreterLandmarks,Landmarks,#VHMaleOrgans,VH_M_kidney_calyx_L,kidney calyx,
#VHMLeftUreter,#VHMLeftUreterLandmarks,Landmarks,#VHMaleOrgans,VH_M_renal_pelvis_L,renal pelvis,
#VHMRightUreter,#VHMRightUreterLandmarks,Landmarks,#VHMaleOrgans,VH_M_calyx_R,kidney calyx,
#VHMRightUreter,#VHMRightUreterLandmarks,Landmarks,#VHMaleOrgans,VH_M_renal_pelvis_R,renal pelvis,
-,-,-,#VHMaleOrgans,VH_M_ureter_landmarks,ureter landmarks,
#VHMLeftUreter,#VHMLeftUreterLandmarks,Landmarks,#VHMaleOrgans,VH_M_ureter_L_landmark_urinary_bladder,urinary bladder,
#VHMRightUreter,#VHMRightUreterLandmarks,Landmarks,#VHMaleOrgans,VH_M_ureter_R_landmark_urinary_bladder,urinary bladder,
-,-,Landmarks,#VHMaleOrgans,VH_M_urinary_bladder_landmarks,Urinary Bladder Landmarks,
#VHMUrinaryBladder,#VHMUrinaryBladderLandmarks,Landmarks,#VHMaleOrgans,VH_M_urinary_bladder_landmark_urethra,urethra,
#VHMUrinaryBladder,#VHMUrinaryBladderLandmarks,Landmarks,#VHMaleOrgans,VH_M_urinary_bladder_landmark_ureter_R,right ureter,
#VHMUrinaryBladder,#VHMUrinaryBladderLandmarks,Landmarks,#VHMaleOrgans,VH_M_urinary_bladder_landmark_ureter_L,left ureter,
-,-,-,-,VH_M_extraction_sites,-,
-,-,-,#VHMaleOrgans,VH_M_heart_extraction_sites,heart extraction sites,
-,-,HCA,#VHMaleOrgans,VH_M_heart_HCA_extraction_sites,HCA heart extraction sites,
#VHMHeart,#VHMHeartHCASet1,HCA,#VHMaleOrgans,VH_M_heart_HCA_septum,septum,
#VHMHeart,#VHMHeartHCASet1,HCA,#VHMaleOrgans,VH_M_heart_HCA_right_ventricle,right ventricle,
#VHMHeart,#VHMHeartHCASet1,HCA,#VHMaleOrgans,VH_M_heart_HCA_right_atrium,right atrium,
#VHMHeart,#VHMHeartHCASet1,HCA,#VHMaleOrgans,VH_M_heart_HCA_left_ventricle_freewall,left ventricle free wall,
#VHMHeart,#VHMHeartHCASet1,HCA,#VHMaleOrgans,VH_M_heart_HCA_left_atrium,left atrium,
#VHMHeart,#VHMHeartHCASet1,HCA,#VHMaleOrgans,VH_M_heart_HCA_apex,apex,
-,-,HuBMAP,#VHMaleOrgans,VH_M_heart_HuBMAP_extraction_sites,HuBMAP heart extraction sites,
#VHMHeart,#VHMHeartHBMSet1,HuBMAP,#VHMaleOrgans,VH_M_heart_HuBMAP_LA_appendage,Left atrium  appendage,
#VHMHeart,#VHMHeartHBMSet1,HuBMAP,#VHMaleOrgans,VH_M_heart_HuBMAP_LA_inflow,Left atrium  PV inflow,
#VHMHeart,#VHMHeartHBMSet1,HuBMAP,#VHMaleOrgans,VH_M_heart_HuBMAP_LV_apex,Left ventricle  apex,
#VHMHeart,#VHMHeartHBMSet1,HuBMAP,#VHMaleOrgans,VH_M_heart_HuBMAP_LV_free_wall_3cm_fr_apex,Left ventricle  free wall 3cm from apex,
#VHMHeart,#VHMHeartHBMSet1,HuBMAP,#VHMaleOrgans,VH_M_heart_HuBMAP_posterior_AV_junction_inc_coronary_sinus,Posterior  adjacent to coronary sinus,
#VHMHeart,#VHMHeartHBMSet1,HuBMAP,#VHMaleOrgans,VH_M_heart_HuBMAP_RA_appendage,Right atrium appendage,
#VHMHeart,#VHMHeartHBMSet1,HuBMAP,#VHMaleOrgans,VH_M_heart_HuBMAP_RA_AV_node,Right atrium  AV (atrioventricular) node,
#VHMHeart,#VHMHeartHBMSet1,HuBMAP,#VHMaleOrgans,VH_M_heart_HuBMAP_RA_SA_node,Right atrium SA (sinoatrial) node,
#VHMHeart,#VHMHeartHBMSet1,HuBMAP,#VHMaleOrgans,VH_M_heart_HuBMAP_RV_free_wall_3cm_fr_apex,Right ventricle  free wall 3cm from apex,
#VHMHeart,#VHMHeartHBMSet1,HuBMAP,#VHMaleOrgans,VH_M_heart_HuBMAP_septum_3cm_fr_apex_including_LAD,Septum 3cm from apex including LAD,
-,-,SPARC,#VHMaleOrgans,VH_M_heart_SPARC_extraction_sites,SPARC heart extraction sites,
#VHMHeart,#VHMHeartSPARCSet1,SPARC,#VHMaleOrgans,VH_M_heart_SPARC_basal_septum,basal septum,
#VHMHeart,#VHMHeartSPARCSet1,SPARC,#VHMaleOrgans,VH_M_heart_SPARC_mid_septum,mid septum,
#VHMHeart,#VHMHeartSPARCSet1,SPARC,#VHMaleOrgans,VH_M_heart_SPARC_AVN,AV (atrioventricular) node,
#VHMHeart,#VHMHeartSPARCSet1,SPARC,#VHMaleOrgans,VH_M_heart_SPARC_mitral_valve,mitral valve,
#VHMHeart,#VHMHeartSPARCSet1,SPARC,#VHMaleOrgans,VH_M_heart_SPARC_basal_ant_LV,basal anterior left ventricle,
#VHMHeart,#VHMHeartSPARCSet1,SPARC,#VHMaleOrgans,VH_M_heart_SPARC_papillary_muscle,papillary muscle,
#VHMHeart,#VHMHeartSPARCSet1,SPARC,#VHMaleOrgans,VH_M_heart_SPARC_basal_inf_LV,basal inferior left ventricle,
#VHMHeart,#VHMHeartSPARCSet1,SPARC,#VHMaleOrgans,VH_M_heart_SPARC_mid_lateral_LV,mid lateral left ventricle,
#VHMHeart,#VHMHeartSPARCSet1,SPARC,#VHMaleOrgans,VH_M_heart_SPARC_RVOT,right ventricular outflow tract,
#VHMHeart,#VHMHeartSPARCSet1,SPARC,#VHMaleOrgans,VH_M_heart_SPARC_RAA,right aortic arch,
#VHMHeart,#VHMHeartSPARCSet1,SPARC,#VHMaleOrgans,VH_M_heart_SPARC_RA_trabecular_myocardium,right atrium trabecular myocardium,
#VHMHeart,#VHMHeartSPARCSet1,SPARC,#VHMaleOrgans,VH_M_heart_SPARC_LAA,left aortic arch,
#VHMHeart,#VHMHeartSPARCSet1,SPARC,#VHMaleOrgans,VH_M_heart_SPARC_sinus_venarum,sinus venarum,
#VHMHeart,#VHMHeartSPARCSet1,SPARC,#VHMaleOrgans,VH_M_heart_SPARC_mid_inf_LV,mid inferior left ventricle,
#VHMHeart,#VHMHeartSPARCSet1,SPARC,#VHMaleOrgans,VH_M_heart_SPARC_VIVGP,ventral interventricular ganglionated plexi,
#VHMHeart,#VHMHeartSPARCSet1,SPARC,#VHMaleOrgans,VH_M_heart_SPARC_base_of_LAA,base of left aortic arch,
#VHMHeart,#VHMHeartSPARCSet1,SPARC,#VHMaleOrgans,VH_M_heart_SPARC_RV_inflow,right ventricular inflow,
#VHMHeart,#VHMHeartSPARCSet1,SPARC,#VHMaleOrgans,VH_M_heart_SPARC_mid_ant_LV,mid anterior left ventricle,
#VHMHeart,#VHMHeartSPARCSet1,SPARC,#VHMaleOrgans,VH_M_heart_SPARC_RV_free_wall,right ventricular free wall,
#VHMHeart,#VHMHeartSPARCSet1,SPARC,#VHMaleOrgans,VH_M_heart_SPARC_LV_apex,left ventricle apex,
#VHMHeart,#VHMHeartSPARCSet1,SPARC,#VHMaleOrgans,VH_M_heart_SPARC_apical_septum,apical septum,
#VHMHeart,#VHMHeartSPARCSet1,SPARC,#VHMaleOrgans,VH_M_heart_SPARC_RAGP,right atrial ganglionated plexus,
#VHMHeart,#VHMHeartSPARCSet1,SPARC,#VHMaleOrgans,VH_M_heart_SPARC_posterior_LA,posterior left atrium,
#VHMHeart,#VHMHeartSPARCSet1,SPARC,#VHMaleOrgans,VH_M_heart_SPARC_basal_lateral_LV,basal lateral left ventricle,
#VHMHeart,#VHMHeartSPARCSet1,SPARC,#VHMaleOrgans,VH_M_heart_SPARC_IVCIAGP,inferior vena cava-inferior atrial ganglionated plexi,
-,-,Pei,#VHMaleOrgans,VH_M_heart_Pei_extraction_sites,Pei heart extraction sites,
#VHMHeart,#VHMHeartPeiSet1,Pei,#VHMaleOrgans,VH_M_heart_Pei_aortic_root,aortic root,
#VHMHeart,#VHMHeartPeiSet1,Pei,#VHMaleOrgans,VH_M_heart_Pei_left_atrium,left atrium,
#VHMHeart,#VHMHeartPeiSet1,Pei,#VHMaleOrgans,VH_M_heart_Pei_LV_free_wall,left ventricle free wall,
#VHMHeart,#VHMHeartPeiSet1,Pei,#VHMaleOrgans,VH_M_heart_Pei_RA_AV_node,right atrium AV node,
#VHMHeart,#VHMHeartPeiSet1,Pei,#VHMaleOrgans,VH_M_heart_Pei_RA_SA_node,left atrium SA node,
#VHMHeart,#VHMHeartPeiSet1,Pei,#VHMaleOrgans,VH_M_heart_Pei_right_atrium,right atrium,
#VHMHeart,#VHMHeartPeiSet1,Pei,#VHMaleOrgans,VH_M_heart_Pei_RV_free_wall,right ventricle free wall,
#VHMHeart,#VHMHeartPeiSet1,Pei,#VHMaleOrgans,VH_M_heart_Pei_septum,septum,
-,-,-,#VHMaleOrgans,VH_M_colon_extraction_sites,large intestine extraction sites,
-,-,HuBMAP,#VHMaleOrgans,VH_M_colon_HuBMAP_extraction_sites,HuBMAP colon extraction sites,
#VHMColon,#VHMColonHBMSet1,HuBMAP,#VHMaleOrgans,VH_M_colon_HuBMAP_ascending_colon,Ascending colon,
#VHMColon,#VHMColonHBMSet1,HuBMAP,#VHMaleOrgans,VH_M_colon_HuBMAP_descending_colon,Descending colon,
#VHMColon,#VHMColonHBMSet1,HuBMAP,#VHMaleOrgans,VH_M_colon_HuBMAP_sigmoid_colon,Sigmoid colon,
#VHMColon,#VHMColonHBMSet1,HuBMAP,#VHMaleOrgans,VH_M_colon_HuBMAP_transverse_colon,Transverse colon,
-,-,-,#VHMaleOrgans,VH_M_kidney_extraction_sites,kidney extraction sites,
-,-,-,#VHMaleOrgans,VH_M_kidney_HuBMAP_extraction_sites,HuBMAP kidney extraction sites,
-,-,-,#VHMaleOrgans,VH_M_spleen_extraction_sites,spleen extraction sites,
-,-,-,#VHMaleOrgans,VH_M_spleen_HuBMAP_extraction_sites,HuBMAP spleen extraction sites,
-,-,-,#VHMaleOrgans,VH_M_spleen_HuBMAP_CC,-,
#VHMSpleen,#VHMSpleenHBMSet1,HuBMAP,#VHMaleOrgans,VH_M_spleen_HuBMAP_CC3,CC3,
#VHMSpleen,#VHMSpleenHBMSet1,HuBMAP,#VHMaleOrgans,VH_M_spleen_HuBMAP_CC2,CC2,
#VHMSpleen,#VHMSpleenHBMSet1,HuBMAP,#VHMaleOrgans,VH_M_spleen_HuBMAP_CC1,CC1,
-,-,-,#VHMaleOrgans,VH_M_spleen_HuBMAP_2x3,-,
-,-,-,#VHMaleOrgans,VH_M_spleen_HuBMAP_CC1_2x3,-,
-,-,-,#VHMaleOrgans,VH_M_spleen_HuBMAP_CC1_1_2x3,-,
-,-,-,#VHMaleOrgans,VH_M_spleen_HuBMAP_CC1_2_2x3,-,
-,-,-,#VHMaleOrgans,VH_M_spleen_HuBMAP_CC1_3_2x3,-,
-,-,-,#VHMaleOrgans,VH_M_spleen_HuBMAP_CC1_4_2x3,-,
-,-,-,#VHMaleOrgans,VH_M_spleen_HuBMAP_CC1_5_2x3,-,
-,-,-,#VHMaleOrgans,VH_M_spleen_HuBMAP_CC1_6_2x3,-,
-,-,-,#VHMaleOrgans,VH_M_spleen_HuBMAP_CC2_2x3,-,
-,-,-,#VHMaleOrgans,VH_M_spleen_HuBMAP_CC2_1_2x3,-,
-,-,-,#VHMaleOrgans,VH_M_spleen_HuBMAP_CC2_2_2x3,-,
-,-,-,#VHMaleOrgans,VH_M_spleen_HuBMAP_CC2_3_2x3,-,
-,-,-,#VHMaleOrgans,VH_M_spleen_HuBMAP_CC2_4_2x3,-,
-,-,-,#VHMaleOrgans,VH_M_spleen_HuBMAP_CC2_5_2x3,-,
-,-,-,#VHMaleOrgans,VH_M_spleen_HuBMAP_CC2_6_2x3,-,
-,-,-,#VHMaleOrgans,VH_M_spleen_HuBMAP_CC3_2x3,-,
-,-,-,#VHMaleOrgans,VH_M_spleen_HuBMAP_CC3_1_2x3,-,
-,-,-,#VHMaleOrgans,VH_M_spleen_HuBMAP_CC3_2_2x3,-,
-,-,-,#VHMaleOrgans,VH_M_spleen_HuBMAP_CC3_3_2x3,-,
-,-,-,#VHMaleOrgans,VH_M_spleen_HuBMAP_CC3_4_2x3,-,
-,-,-,#VHMaleOrgans,VH_M_spleen_HuBMAP_CC3_5_2x3,-,
-,-,-,#VHMaleOrgans,VH_M_spleen_HuBMAP_CC3_6_2x3,-,
-,-,-,#VHMaleOrgans,VH_M_spleen_HuBMAP_1x6,-,
-,-,-,#VHMaleOrgans,VH_M_spleen_HuBMAP_CC1_1x6,-,
-,-,-,#VHMaleOrgans,VH_M_spleen_HuBMAP_CC1_1_1x6,-,
-,-,-,#VHMaleOrgans,VH_M_spleen_HuBMAP_CC1_2_1x6,-,
-,-,-,#VHMaleOrgans,VH_M_spleen_HuBMAP_CC1_3_1x6,-,
-,-,-,#VHMaleOrgans,VH_M_spleen_HuBMAP_CC1_4_1x6,-,
-,-,-,#VHMaleOrgans,VH_M_spleen_HuBMAP_CC1_5_1x6,-,
-,-,-,#VHMaleOrgans,VH_M_spleen_HuBMAP_CC1_6_1x6,-,
-,-,-,#VHMaleOrgans,VH_M_spleen_HuBMAP_CC2_1x6,-,
-,-,-,#VHMaleOrgans,VH_M_spleen_HuBMAP_CC2_1_1x6,-,
-,-,-,#VHMaleOrgans,VH_M_spleen_HuBMAP_CC2_2_1x6,-,
-,-,-,#VHMaleOrgans,VH_M_spleen_HuBMAP_CC2_3_1x6,-,
-,-,-,#VHMaleOrgans,VH_M_spleen_HuBMAP_CC2_4_1x6,-,
-,-,-,#VHMaleOrgans,VH_M_spleen_HuBMAP_CC2_5_1x6,-,
-,-,-,#VHMaleOrgans,VH_M_spleen_HuBMAP_CC2_6_1x6,-,
-,-,-,#VHMaleOrgans,VH_M_spleen_HuBMAP_CC3_1x6,-,
-,-,-,#VHMaleOrgans,VH_M_spleen_HuBMAP_CC3_2_1x6,-,
-,-,-,#VHMaleOrgans,VH_M_spleen_HuBMAP_CC3_3_1x6,-,
-,-,-,#VHMaleOrgans,VH_M_spleen_HuBMAP_CC3_4_1x6,-,
-,-,-,#VHMaleOrgans,VH_M_spleen_HuBMAP_CC3_5_1x6,-,
-,-,-,#VHMaleOrgans,VH_M_spleen_HuBMAP_CC3_6_1x6,-,
-,-,-,#VHMaleOrgans,VH_M_spleen_HuBMAP_CC3_1_1x6,-,
